<?xml version="1.0"?>
<info locale="device_locale_strings.xml">
	<device>
		<value>0</value>
		<meta>
			<visible>false</visible>
			<type>options.int32</type>
			<desc>设备索引</desc>
			<options>
				<option type="int32" value="0" desc="0"></option>
				<option type="int32" value="1" desc="1"></option>
				<option type="int32" value="2" desc="2"></option>
				<option type="int32" value="3" desc="3"></option>
				<option type="int32" value="4" desc="4"></option>
				<option type="int32" value="5" desc="5"></option>
				<option type="int32" value="6" desc="6"></option>
				<option type="int32" value="7" desc="7"></option>
			</options>
		</meta>
	</device>
	<channel>
		<value>0</value>
		<meta>
			<visible>false</visible>
			<type>options.int32</type>
			<desc>通道号</desc>
			<options>
				<option type="int32" value="0" desc="Channel 0"></option>
			</options>
		</meta>
		<channel_0 stream="channel_0" case="parent-value=0">
			<local_port flag="0x00FF" at_initcan="pre">
				<value>8002</value>
				<meta>
					<type>uint32</type>
					<desc>本地端口</desc>
				</meta>
			</local_port>
			<ip flag="0x0000" at_initcan="pre">
				<value>192.168.1.178</value>
				<meta>
					<type>string</type>
					<desc>ip</desc>
				</meta>
			</ip>
			<work_port flag="0x0001" at_initcan="pre">
				<value>4002</value>
				<meta>
					<type>uint32</type>
					<desc>工作端口</desc>
				</meta>
			</work_port>
		</channel_0>
	</channel>
</info>
